keeling.offset.d15Na,keeling.slope.d15Na,keeling.R2.d15Na,keeling.offset.d15Nb,keeling.slope.d15Nb,keeling.R2.d15Nb,keeling.offset.d18O,keeling.slope.d18O,keeling.R2.d18O
-76.118538265574,23078.2669196037,0.00120900641365143,-136.023623218667,44955.9168734781,0.00771446491816041,-17072.4228767745,5427122.60897174,0.900326703491025
-625.374192321507,200537.802337437,0.0282464359101568,-2391.32771762275,772060.847287805,0.464753940435205,-21562.3359376355,6871223.76101914,0.811485627518711
-585.33263447031,184895.683906767,0.0424002043582914,21.3006370887874,-7937.66920073768,0.000269409914861015,-12581.6528142285,3977924.62916912,0.666599583054803
-1475.369703011,473537.744938144,0.295925115758396,36.9601167073139,-11858.4032486855,0.00034471800787664,-13832.3183780154,4380663.91099971,0.788427586029535
-473.728083739592,148408.069856818,0.00380189383292755,520.141229409136,-167378.812183958,0.010126074022071,-277281.493905199,90276475.9961241,0.232198498619262
443.953910613124,-146120.965322116,0.0203598482401632,-72.0497693665406,23940.3137666097,0.000860833904905874,9680.27168087511,-5571521.55718245,0.0116116935508631
1543.76322095131,-505387.40690154,0.389934849710751,331.745091036769,-107159.814135113,0.0775436289662533,-18378.7263001805,2993410.06002075,0.0706198674176814
-3198.98138500834,1030181.26669658,0.753428543008644,-1416.27270492155,455189.400428656,0.610423773034464,-122.868286429178,-2763995.59360787,0.229299968331709
-2193.61948053048,707214.063436864,0.877137074284632,-1077.17377987276,345814.699107792,0.855082655321631,-14027.0190733242,3513561.1283469,0.70276690611015
-1296.98555910312,426590.131758668,0.864343953959922,-818.955172905231,266791.02079584,0.936052795656116,-13980.4200329255,3468231.36893009,0.85946918046055
-1018.0919979264,340835.391865507,0.836927457336624,-1045.61181058484,338837.60801157,0.850345900282696,-13586.6261646168,3380428.30022087,0.722944158807482
-567.720053663876,208479.028429557,0.929920948272568,-191.847119021622,95209.8138076768,0.569246033015558,-18562.6495942819,4850557.60609056,0.97594059789823
1441.74674486924,-462706.799471975,0.231990316691689,310.830486086183,-103955.613768394,0.0419175697967527,-9599.14936447403,3126403.89364656,0.405286809452471
57.5346649972005,-12987.2822403408,0.000542050906595423,234.986899426971,-79053.2716151489,0.0474334562149525,-1298.04898795505,429957.422967633,0.018658216274822
404.325352424808,-126658.721144523,0.0306901157247824,451.224575805604,-149131.455942336,0.0831975942878923,-3538.85661891454,1159541.23533929,0.0595014092267216
-563.729278252306,189165.477931529,0.126532313695887,-43.1763516957003,12316.390231375,0.00126766169370257,284.622112198296,-85611.9956445203,0.000777060140820704
-168.240091007842,61525.8744579303,0.00160833796934601,339.659308811004,-112630.422349332,0.00913547259107408,-17328.2229040412,5637297.11151245,0.243443933213354
-513.444967237548,173035.794224801,0.00350880385373501,418.676768204045,-138125.592794919,0.0056754144029592,-18075.4547917693,5890170.58518517,0.118603101696773
466.506977315013,-145083.48428386,0.0423959308810366,-126.604523122245,38736.74081377,0.00912870846574695,-7855.50388009526,2567422.41299999,0.415669832844778
-7716.60764402309,2515051.18571035,0.559860747498607,-1622.5890502903,522707.145529897,0.143999902802958,52006.5525803547,-16903436.391743,0.836283782560838
1280.76486275403,-412544.676418693,0.146516894993927,-1241.71836062439,400876.065063408,0.214003696941951,13959.1278974554,-4515759.65460477,0.777416218754559
-3165.45114242358,1031619.04375892,0.0624374028827347,-2849.50853269839,922413.14218944,0.121055013502023,-63282.5867749348,20544191.496663,0.78939773270074
-233.593893620625,82475.5274718854,0.106813591472589,-538.377489656316,171506.592478049,0.503511664655357,-4827.91498818016,1572294.55527421,0.932932536715819
-72.4397546009811,31545.1340224409,0.317735169855016,-209.960413110688,66694.2531431913,0.758623828050577,-779.559469733314,262523.454732031,0.853465398637498
-746.746422034322,246982.182250738,0.0498573112368633,49.6456654053269,-22825.8009876553,0.00121632590200082,-26956.5271390731,8724313.13243666,0.840710138772741
-1402.92646270325,460071.116131878,0.304467512985364,2535.92027119292,-823203.277750484,0.573912504577347,50830.7574344596,-16451702.2952654,0.967810701009029
1853.80211568973,-594831.892528668,0.375998145404703,2429.49037201495,-788323.680961261,0.489357979956932,30972.6697331935,-9967728.96834302,0.920618244389062
-261.798072180205,91749.0734093189,0.111947260002922,-580.013378055029,188781.569628282,0.370247847652004,2365.53872737914,-734146.934323098,0.446888888984011
-2521.43421157962,821492.38189747,0.319592912896414,-1505.11017871183,484539.851728491,0.28698726451396,5229.6742331821,-1664044.132971,0.263894984743014
2467.87561865177,-791649.88047408,0.131041685485411,3618.96245858234,-1168953.84679794,0.355371239451873,-5091.40077597165,1646470.18614212,0.144169579045809
-963.202716584443,317616.658233805,0.243347608919207,789.310518435077,-258029.902691856,0.34466854550852,2174.36565945689,-700849.870421174,0.250618384679852
5255.70999255371,-1690606.23652066,0.755071292964419,3615.32039540938,-1165755.2508306,0.611429666146611,-55424.5096436733,17829466.7988091,0.826306891112774
-15.8922691834549,10452.9410807612,0.000898452229361797,775.25291002162,-253527.203728737,0.441053172824858,-13733.8983032809,4425037.44017485,0.917967092530442
318.459694589533,-97188.0004415783,0.00550878606208767,1098.64394656114,-356998.720445251,0.107379800338709,-13121.627548368,4228033.03067222,0.284548059584317
-58.8380150719367,25813.8503341578,0.0328508187383953,15.9953069904332,-10018.7255647648,0.0140819440123264,-1284.02719255111,433822.866171701,0.359108753821212
-7.93369567212836,9548.64694400474,0.0347429954568694,-36.2532376790221,7630.93306731812,0.0598981473508455,-242.254006560299,83370.7291823739,0.163939491569856
-164.977393154104,58195.3679664722,0.188159930444976,-114.152693035755,34117.0415115208,0.140012822209987,-654.498223389205,211812.296663638,0.169152188158767
14.8781917585922,23.9549623694412,7.13427358058473e-08,-36.0351364641161,8760.90627597054,0.0280637132060069,213.980678774946,-61723.6650014096,0.036428886141509
38.7631780131685,-8195.65482043362,0.00147769635061631,251.251369123737,-85558.672020672,0.253523730669878,-3783.88821797361,1242559.44121014,0.619589740364562
-23.6357174623255,14745.7191386389,0.00981355908487743,-111.364273232708,34708.5939770805,0.103449425843525,-264.681644476864,95084.9462459723,0.0267689250424677
52.7086952821334,-10328.5354463373,0.00516119277192379,-57.0556224737711,16349.5602736691,0.0214245402164461,188.247210583537,-61059.9935645134,0.0125772944391691
101.410664482421,-26951.2946752668,0.0284916598998761,-116.056213212312,36228.5552898649,0.0838149723995996,-256.825518023802,88338.1070682045,0.0167334657629395
-13.6196941684767,10118.2930473595,0.00992239165734955,-135.913124417417,43379.3744332176,0.213097005651397,-1242.36450752116,426322.697190963,0.55408470455749
-444.684576922193,151846.804110896,0.366425842827457,-462.358184171467,146825.121001606,0.56733015442251,9732.29490428884,-3166442.03784655,0.946672668357724
137.389691936968,-36358.2321535731,0.0404878378398408,-319.900184208016,99983.8288807412,0.394538659242469,-573.270509114468,205577.080204001,0.117381589685132
114.154745735511,-34756.7640496082,0.0634428430004093,-143.679392322282,43259.3253585466,0.149127187151024,2909.34590162659,-943919.891407636,0.797744744409006
-135.767561794117,49442.6896163732,0.388152326302339,-116.404539695079,37642.3231534171,0.409592417714789,687.936479740819,-218877.746121374,0.582587792587653
-246.933218863774,86211.6856964055,0.531490988404874,-221.096152552909,73633.4938399928,0.778721937313742,-342.309473697946,127074.279090987,0.294192841080435
-189.433004580298,67518.230996781,0.233678220958472,-13.2839165347894,-1182.16680063242,0.000192127363542955,-444.719168875971,112848.403728804,0.0203985551528764
-144.667440076784,50803.4544626229,0.237314797818434,106.393305653791,-34800.5014102767,0.320926236432769,1192.94060954374,-368895.912443834,0.678423826984267
-347.500615223878,117481.192356882,0.502924182675118,96.001898215708,-32088.7217624908,0.106320853412417,950.207451954119,-287236.428377617,0.421904981635876
-127.621558736427,48689.7029648993,0.210242711134981,64.4109322279575,-23258.0263824019,0.0572441850708177,-93.3878696839648,39139.5448596896,0.0292143076764026
-229.052656180744,80005.4361432884,0.351613572877321,-51.9938733096142,14194.4236128863,0.0442343494302086,172.86177045886,-50047.902485272,0.0376207276953984
-202.194930927701,73083.8390566803,0.32150705057943,-188.734303114142,59916.515597689,0.437874165605124,-95.5596148275978,36436.5651084535,0.0208070537063626
-34.4564194503017,13501.6970517565,0.0738819682293247,35.7574123825914,-13566.1709694084,0.170330175501314,357.817827017736,-124480.17256894,0.248953423481667
289.382743545702,-92208.5333954751,0.688511865379615,93.3603947193595,-31845.584594448,0.237268372500056,-7200.76281474575,2383092.45569492,0.986705958133051
-183.563646578237,65716.7112135031,0.204057028033997,59.3874802677932,-20980.183633314,0.0452526866882975,-3487.09379859057,1129105.45865757,0.866658371403636
-483.243764248056,168493.122770557,0.687377146613925,-215.39729286925,67710.7148481093,0.508562743550821,-26.9138200104969,16722.5819517967,0.00209820295023205
-24.7738667023033,12734.3537272532,0.063111013067598,28.9349189500684,-12666.740576081,0.0937908926110475,552.545664046557,-169314.605967448,0.485087760981262
-14.9415154136312,10254.6679319115,0.0833581491687365,-35.1620926969347,9747.44867837911,0.119697425692284,51.6944014004789,-5327.97675501258,0.00148918239563281
5.16240353290819,2972.15739815298,0.00168773223594649,-21.2039520042115,6087.14787456656,0.0130322205163435,197.979476408305,-54089.0496225609,0.0243507727315829
-26.0751853470538,14836.8293105312,0.0710128619107565,-82.2543305475306,25765.5797874412,0.389652509335285,37.8658278639445,-4483.53207194595,0.000601594300398559
84.6468929552867,-21531.3770357649,0.0231621257946963,11.2613959373338,-4732.07426556341,0.00267220496664232,-527.311283942934,183188.025229564,0.107250878401417
107.595079180523,-29114.1693173925,0.0691118361365344,-17.6599953341452,3643.64599353462,0.00241370300904252,-585.10498197799,202184.641282943,0.230495185931617
6.2141430210411,3603.2127270648,0.00111133953629529,-63.5828480186742,18915.0175974741,0.0724567131401586,-56.1792285873075,27109.5167823375,0.00520382362150682
29.407198846034,-2533.07524815695,0.000267684857014387,-80.6066657553681,23849.7762391799,0.0557768344957391,446.656704704692,-140264.126526647,0.0588196999396243
-11.6862226923703,9405.45398317012,0.0291023043472504,-81.1581057056626,24300.5250141612,0.298031517972323,-493.607889198343,180926.757978033,0.422328656803034
234.805796501888,-72265.4745339762,0.197749083574771,-457.50061254997,148349.201469194,0.646896547759998,3858.41049267626,-1256685.099292,0.810927461583968
-271.564178673539,93088.1549592226,0.140385883486509,-451.431378228288,144868.067873798,0.459952906581014,2880.17985483852,-932189.829432651,0.706623622112649
-1.18200504122626,1887.78487261167,0.000114389048845505,-170.666057408049,51386.8755891973,0.132320272492617,5611.47584653866,-1799635.77681469,0.83812240298126
-48.1826017125575,17342.8271205295,0.0440765090542726,-147.907332919789,48082.830584156,0.482499170669717,1119.19210574158,-343111.683601456,0.597604282135684
45.8000484223234,-16490.3125582522,0.177710797065993,-127.551754300347,40281.3421803993,0.715798393609064,370.239416269171,-86961.3875869046,0.218830607572964
194.818738976505,-57243.574465665,0.308108734003256,273.03018226682,-90495.8033147786,0.476607971618896,-3278.35053137623,1105511.6516784,0.952360103671808
-160.401970317756,60735.3594105841,0.541332982615472,-41.3307923175561,12441.3314486684,0.0777552865108231,-157.247873036187,47479.0300284024,0.0826737069469492
3.78546719035359,5493.54939175864,0.00265153776889934,-262.805294266984,88869.2007730253,0.478438525408438,174.520026237834,-54841.7549824726,0.0236642912497325
114.026107346536,-35163.6409889993,0.188991614899437,87.5931275299852,-30679.3075156281,0.203001336068797,419.972644124848,-144722.542381737,0.165643451255334
36.4395176355778,-3889.36293666059,0.00185378176816338,-67.2231533121388,21844.1115702575,0.121507312554233,-337.496272705848,112017.931024408,0.0758877470215932
-41.7541630021119,22343.6210922495,0.0345851857142658,-103.778049930364,32975.6674931788,0.116214810722,-774.3236563826,256965.252754186,0.239815790610706
-80.3722705741219,34138.3320661375,0.394587751505318,17.6152680521808,-9093.43578397038,0.061800035682028,550.75061162327,-186243.407588494,0.523095534240192
296.605430515571,-93032.999913333,0.674133204936924,61.6549324425362,-21909.8290009804,0.107482217977116,-3538.22723665725,1195575.88660102,0.881867081041617
-49.5543654866079,24481.1093717587,0.0554057549609971,197.821778948583,-65404.4946519153,0.475903942616743,-2995.58861018237,963864.057232688,0.898774073294514
-101.867631472597,41808.1284497364,0.269093131518687,70.9289663095193,-26463.7714644399,0.206922011105162,-513.62585937396,168801.350783894,0.23176692597551
-28.0104844198082,19625.87074589,0.162443727788091,-49.3873932843743,14742.1821692593,0.178092666076265,-299.137172752926,105171.96864891,0.247776729507558
-41.458166692758,22904.1189625228,0.217475418586059,-28.4075639915485,6872.62020087979,0.0623102711215571,-2.2971884423554,16651.7364326765,0.0113111936996684
-90.4262468643542,35730.1737871641,0.394935753252889,-95.1912022484659,29343.4944850881,0.414643389859702,518.584433251414,-159942.10139145,0.179683388512746
-35.1225960598328,14215.1492206104,0.115717222837263,-51.9792626782904,14803.6221409511,0.199794344268566,-88.8846829255727,22156.1191241884,0.0133985613570339
60.6063143875551,-14322.5871878931,0.030150874579371,-34.2885527783658,10418.5506068926,0.0261985910517813,-517.437191438415,169135.710649032,0.139536437502068
-40.4654310874673,18225.8417087551,0.0513905382328484,-67.4655802698573,19454.5528681567,0.108804523113817,-484.043776343229,168801.034317964,0.145783099024307
-55.3153484512581,22860.7792035879,0.0828436175784752,-57.7984787014498,17270.5281061401,0.101805215686309,-727.101757464523,244403.528444752,0.223998732955809
74.8273303812573,-19834.6603106923,0.0211035430889047,-56.7594193510124,16632.0183527118,0.0396271852472542,-131.770216722705,43182.118224176,0.00635621544037112
-74.859101364955,31056.0636357376,0.406382405521198,-93.6653422074132,28866.5341964737,0.600187776788486,-311.203972306472,106965.938746703,0.170618855283848
-195.692641297706,70553.4239901545,0.211411269460391,-249.749025924251,77322.66328325,0.58203194814547,4975.44994624518,-1617329.12472023,0.955779232315813
172.375409976247,-49045.8637500781,0.0293133428086558,-130.810316817682,39343.2510912979,0.0538262884488049,4378.87126343249,-1404720.46882477,0.851130352702753
265.534782312147,-85919.4952960249,0.312520764480193,-271.819520467595,87923.8917803107,0.40387197283873,807.442400148122,-258674.309205979,0.433650057937082
125.963306514261,-41002.4357626148,0.275228095174806,-113.605206633434,34152.1090541834,0.313142867472466,192.478756637377,-68135.8487440248,0.135122815149879
-38.7944543014372,15491.4464792926,0.112604280276582,-18.8971169077052,4087.27790314526,0.0179669698624595,-391.487877708321,131700.193565067,0.568539883390953
113.198106659083,-35472.2315918394,0.0857708474346826,-132.729788633519,38249.0929142764,0.149141652730352,1386.00693565474,-475571.537899096,0.586485588054502
-124.243500107151,46199.2822059025,0.451799062871505,-73.6447044146139,22942.8941750565,0.327698483139841,-9.38643306747341,13666.7684341814,0.0179938565020964
-54.7087236752935,21345.7629867329,0.0294278380985012,53.3283485020298,-19520.0241201258,0.0532817740003575,-310.134932918796,108823.371972082,0.299268629301411
-133.253292525875,50902.2779940609,0.303154034975784,-63.5506267383105,18998.459416863,0.155023372179792,-270.107000527301,104631.138048141,0.368818448417174
149.621049738246,-47287.3013658766,0.291045249163417,62.1221036040506,-23086.6587142473,0.133327188601803,-20.3167729724794,17467.0224183116,0.0112043256434133
76.7697213492035,-25800.5500982744,0.13576944805948,-2.20250092261726,-1401.00750244232,0.000686527254786316,183.88744484679,-57295.0218612874,0.120475950178784
-58.2254040876903,25191.4981862482,0.473047779611903,-55.9656231149526,15242.4393613395,0.385443084258775,60.4717546364666,-19460.8416068327,0.0768444002414432
40.2673859440228,-12485.0899402586,0.0882180642523124,53.1112930279052,-18226.0680699997,0.184854197406446,-2307.23237454447,760737.085101261,0.963559214423011
-54.2628363921819,24081.7057061652,0.0920268164763424,72.588144487926,-25659.05608723,0.143438135019097,-2731.25901088523,884003.831184024,0.877787483616085
-94.852057782258,35368.7241630735,0.364364257212131,18.1499291063205,-9787.3523106293,0.112046566639477,-626.025910893664,210309.756389652,0.436678844766491
-61.3930257642736,26982.8047812617,0.445579416367847,-51.890499730937,15013.6222775113,0.352443217429486,-226.928149710809,76095.3824834155,0.178052746954614
-31.5102186597296,16296.8861954109,0.151216098874936,-57.1765142822004,16191.6466548715,0.273522816162789,-456.026766955462,152954.641112587,0.385979741190847
-4.6245031084748,6270.58815443863,0.0186561275056943,-85.152660665971,25895.039482417,0.434951976399037,-519.796704204374,176749.075878156,0.465588772812084
-41.6357786297325,17775.0012169794,0.235672974759672,-60.6262456066726,17964.3728020529,0.332432666345239,-121.146498495005,45254.9068952228,0.0606075315939481
-106.365759225484,42176.7297064519,0.180997864644746,-56.7709686274315,16722.9200359919,0.0848816970934803,-261.653217863474,102743.592670195,0.0723285183555534
3.48053918094257,3396.49006635342,0.0028317795477707,-81.1162274295872,24450.7812006918,0.252335890744946,-95.3521506182148,36119.8356438158,0.0121973034765379
69.6791273917353,-17400.5052616531,0.0651317736369976,-114.568212109835,36619.1684553567,0.42368213979396,-111.26875083923,46715.2462456029,0.0277731184567054
29.7748130495993,-3341.52818561573,0.00130550301062024,-96.6978209485226,30692.8018236613,0.19882332187482,-223.358429138565,86863.5025584495,0.0386802458283194
-12.4014130989628,9622.1871671381,0.106775013414156,-70.9288250998816,21082.2753128512,0.56179937051993,-84.5276714110339,46009.4551104507,0.112986662563725
-452.513809787623,158218.109085246,0.595143290642056,-104.407997868815,29943.4742965558,0.167642758092901,3651.8524357169,-1178545.57932226,0.942178771142227
-291.70083236758,104416.871051918,0.193150026059629,-266.633908404455,84845.3293392432,0.220210095726549,2086.62211765584,-663501.200607949,0.653602085411607
-101.905290144872,37556.1048742618,0.106771759759669,-238.892090192353,77842.6908825287,0.518520522109332,631.521474614104,-200871.783456388,0.387707908201472
-170.396433329343,60290.8660260265,0.554613285182539,-195.601768224292,63669.5050987943,0.736371465908882,281.425412741278,-84978.133603238,0.291238337002334
-83.7727792549547,32864.6091098546,0.298428566632344,-98.5825739071695,34604.2466133307,0.456153784409275,-161.527037335158,52580.5840187511,0.145894911520502
-104.208923117793,37933.9523458782,0.264512643037658,-229.943415792188,74155.4915464389,0.715500307333594,926.708073692362,-300139.918912422,0.672490025282559
-139.477925495032,53001.0061605392,0.533948388851199,-57.8773412246231,15793.9739672872,0.158657320417787,-5.69282210164922,14036.3364119436,0.00955910880454287
-56.9565217978002,24681.0774114575,0.0546889547458397,-28.180270479812,7126.67007604225,0.0130005151780379,-6.72054195391628,9417.9124112353,0.00151732630613267
-12.4189650331051,10475.5159018341,0.0193608263211729,3.43632584712705,-3350.27697304043,0.00352800826640479,-221.870977155255,78382.7905490783,0.111590140110312
-81.916737143972,33034.8045998094,0.168482340634226,-72.8841803058047,22231.1670710689,0.190233946053969,272.43298343847,-87786.4793447909,0.112598423462126
-57.6360702126211,27429.2203340307,0.0912834680734168,-52.755328562868,15147.0951008502,0.0596868744909827,45.6397271109361,-11714.1239942585,0.0016865055865936
-108.241635669993,44337.9703863751,0.693568795406655,-38.4782483140521,9368.42741208899,0.168169312614557,203.031091343581,-69792.3670680106,0.215172384060067
215.889928148582,-68290.3322034651,0.483296607822498,130.161962683626,-45642.606004935,0.283711866539652,-6120.59828735312,2061963.76891372,0.965976636783125
-500.315602501697,171844.484447411,0.48216863520425,-23.9415744863692,5529.10161873372,0.00197132480032739,-4558.16500752739,1470625.50527435,0.927075801822337
-179.134769768758,67759.1305487569,0.425215630957188,-66.3639673819175,19439.2163796599,0.118143728197774,-1557.54140323019,520636.057926139,0.73119327049487
29.9453688022873,-1709.24178390781,0.00170043895531917,-79.720930805793,23967.4317667193,0.372749846649338,-401.29655517277,140551.063315817,0.354681049550193
-4.55361491931524,9971.37405713124,0.056304546173634,-50.4848168584198,13591.3050155455,0.170199102659103,-78.7503198897943,33505.1030578105,0.0369957216872023
-17.3364344366686,12304.2883729351,0.0415195377491614,-99.3730278275099,30373.3860356205,0.409965120663656,-2.244762225172,7173.34222913968,0.000663701182010187
-22.5934078251445,13913.8729743582,0.0590536746393463,-83.3638765485639,25867.5319787266,0.410445010685238,314.353304229864,-92856.17541934,0.195888977303009
81.6145352696374,-21714.6785068933,0.03265763818896,-18.9803202693124,3210.4049211558,0.00167482576312522,-202.384912431725,73280.970060262,0.0270777371355657
-9.22392060933841,8688.60236502627,0.00966647583653088,-70.6495822606765,20947.4282913151,0.0850786554033929,49.6164512577194,-9329.39764193081,0.000696709568451595
-138.472441606484,51841.5596194105,0.167492651044061,-62.8635467827539,18462.3408774649,0.0486729108386754,509.206683271587,-157528.908674674,0.0839173694506903
226.509854351,-68721.2997076198,0.14873895615034,-86.2688720622407,26869.6430855813,0.0538396022758603,-786.79390539092,266639.648450896,0.0964008592500332
-63.964355379014,27348.0796606462,0.355051406338765,-55.5588306624844,17363.7969531533,0.372086864440979,146.573465320762,-44467.2927923767,0.0687867505605959
-326.235022004189,114724.565296819,0.282259040705908,-88.3346838064312,25185.6545753908,0.0304418190446613,4563.90953043221,-1462328.56411162,0.890623125068364
184.003810276829,-55657.7989779652,0.0413998869425428,-100.847833477244,29590.1028190009,0.0326165291303962,2169.97707538323,-683608.084412832,0.462154610641446
-321.845828353543,110403.705615597,0.436519283910955,-472.815870389771,154693.702235984,0.679827053796884,1153.60667711159,-374740.11426148,0.35131453033066
-102.274820631789,36045.982707024,0.244887544430497,-248.237310018076,81123.1951328301,0.745915357155579,460.420824268661,-142328.63077799,0.207982909841131
-36.6032505654731,18646.9335332176,0.128994403687608,-92.6255589421631,32992.4620983252,0.4017158002827,-726.902075723622,239713.791452818,0.707131329861573
-247.538995919065,86629.6340395286,0.574529530957346,-271.975969837937,89087.8033749987,0.705006702370585,1395.74208401587,-451300.88243126,0.728568556893294
-48.356538821054,21102.6562259997,0.140152425710089,-13.9203324847256,1819.46569081736,0.00216783378269838,199.996564555928,-61872.8157637506,0.121916293325248
-320.590988568329,109943.966898788,0.400322417977068,-56.4138425615797,17315.1835291133,0.0414369193168716,0.158794353326921,1983.43214583121,1.70676672283198e-05
18.5920179219016,-824.951940500309,6.61365097874668e-05,-49.6445066011359,13267.7772475251,0.0332689460205948,30.1163738430408,19167.2169509194,0.00495478347679036
-78.0876598688909,31106.2896468402,0.0663969939381042,-55.9199905276937,16644.5221845983,0.0514728147733998,-923.913645535835,303445.860191312,0.499424892639003
96.1698443496069,-26332.6845970543,0.0306851684913849,172.01744768759,-57299.9049691546,0.169191407484405,-994.513885160081,327496.007667706,0.349550303136149
-91.4412234207507,36399.4394424022,0.416473821950708,-28.7070899489029,6523.97342067162,0.0258587629991612,304.711942340686,-103957.76208304,0.312758525266452
268.05352553308,-84398.1819635673,0.325974514978414,120.570459995019,-41156.0254936577,0.126324529150627,-8636.74980414231,2835951.54734879,0.980438839267308
252.507613249038,-76274.5515563217,0.248579402837352,125.680230746169,-41798.6496563149,0.144238268123964,-5302.48637642081,1709161.47206085,0.901128684317317
-67.4903744733604,29887.5163583811,0.0484455116866163,-124.039962303507,39713.4670673391,0.109537879581765,1786.93727436769,-586849.52903265,0.457054141382904
-63.7804443617144,26901.9904242432,0.183801505654284,-34.5832533814532,8823.91665405851,0.0480387758025119,946.125032990951,-310208.140000953,0.503971937163624
4.98520488709921,4747.49229882196,0.0124497618047415,-1.6886029492371,-1503.26995338945,0.00231761587846663,296.555912432453,-95075.8540408917,0.159830497625967
129.663013365368,-37182.9665470517,0.130164910760307,-9.03275267960837,1525.65539547287,0.000532572900036593,-655.586325219285,226949.739128111,0.218851563678788
-56.4342474118727,24375.384009888,0.156969979600519,-71.1684473424661,21679.7311534478,0.253726917595394,135.514356409895,-36607.1957168727,0.0196363110160453
14.0426496732187,1103.13683503318,2.16091062657318e-05,-143.692195346355,44794.4267314862,0.0868909920534893,531.85377717567,-162192.50804585,0.0349786940369
-119.362012738936,45574.213799267,0.0909000145274356,-52.9551573891486,15204.6587957552,0.0277984473771616,524.590104437298,-163674.900907749,0.0685164604724787
209.969170484402,-63043.7565248371,0.138223350354294,-106.051049358449,32688.2146891094,0.0781277573894157,-1163.49233371832,391233.184776291,0.266028646472338
-101.860055546791,38944.9547223054,0.013468564649598,305.801696017314,-101299.247446747,0.146309301994899,1709.08742803807,-541676.92345981,0.149500551187526
-44.0821760971799,21198.0661632671,0.150246826430703,-60.1598306426074,16667.8373812842,0.148180627539724,-340.758829318634,117370.672048817,0.252551492012423
197.654460348479,-57592.4032837896,0.0478411555692386,-524.045099872092,167587.547503026,0.48441484203889,9711.99493875226,-3131755.84487388,0.893070948568952
682.202989689122,-216707.343694182,0.300822734868933,-798.202324288107,259264.42934124,0.639584978850956,2009.1307176405,-629467.216732639,0.404321053764065
914.548528810288,-295664.998571482,0.3580012454843,371.57493132586,-124639.528056679,0.20627749664069,1627.23120731791,-523708.963614847,0.28798594078659
88.61458290466,-26025.371887663,0.0497787041244719,-299.193955318339,97732.5138327849,0.632589698759431,885.472250582762,-279491.525227085,0.629873287897839
-91.2632213147445,32211.2036337727,0.292938292458314,-27.8224069898993,7213.06466040018,0.0275572146330852,-5.88317731363235,4339.94183802369,0.00173489144923217
-874.936211865093,293746.721532471,0.687118045260345,-293.084998044094,92796.1630174628,0.398389732957594,-7212.85591235251,2364033.84685379,0.984036343286379
88.5764025298512,-22475.4441952881,0.0683846601130336,93.865123942968,-33620.4472629554,0.184123874107064,3347.81600232575,-1110172.12649284,0.95521083967859
143.359649619273,-38652.0204566583,0.0255879764938197,414.335423244624,-135661.676010966,0.17361867623662,2851.96107592678,-900978.47157446,0.683870279796601
-189.309228014773,67871.418778727,0.260831625796414,37.8157465083823,-11850.4044482658,0.02000695592339,592.348879683368,-184273.28669639,0.244276194755507
138.265963463197,-40158.2564843606,0.0448346296996282,293.553764552806,-98951.4432877735,0.326479238251843,-185.089348107367,73146.785416514,0.0408511268891359
-9.61123722007719,14396.9105895948,0.00246892606299282,-120.686327279081,39095.8377723472,0.0265228220675813,429.549895974755,-131758.833420062,0.036212738007258
-71.8636079547599,31458.7620604128,0.344435953304189,-7.69952698614588,277.580181137187,7.01613805027487e-05,196.78823621555,-57712.1282765683,0.156301024491853
736.135168743023,-234266.313819361,0.757258860643519,337.789979725285,-111564.832845558,0.399030302186081,-7391.83376956229,2409298.78459972,0.969629946338231
211.780611448522,-60768.2608971871,0.144081220929976,114.149764577801,-38925.8665763765,0.118576466193772,684.684030916475,-233796.508138702,0.0968848464031716
-100.784094959652,40113.1919385691,0.0318427398772931,-85.0685586107995,26483.2804519277,0.0274367191984978,-2674.10705046881,877803.196567891,0.340699940796251
-135.039052850444,52629.939559029,0.369741055638312,28.3545911844363,-12955.6738398771,0.0788922913429825,-224.724165221342,88928.3667466399,0.0834535458895894
-22.8025726593118,16518.3408946183,0.139850853836925,17.2963313016988,-8416.28392907545,0.0787311577645698,133.572000458936,-39680.4636981316,0.0275988208001032
45.2646257811749,-8299.51261357345,0.00271373849779618,-26.6503984078164,7428.88343079045,0.00385144112739566,-1318.89493329355,441440.218601653,0.365350402621582
0.664381559429255,6072.00752770193,0.0100154808315087,-72.6860615230431,23121.4205508231,0.170588325363,-314.6817430917,113286.229392688,0.145711721641399
-1.26070638514337,6800.51614368606,0.00042925536944844,-115.782662157592,36024.6550974222,0.0162591027237298,77.8765668620188,-21479.4283463924,0.000195570702689575
138.953811940106,-40011.709450838,0.0480747710635661,-24.5235558574319,6360.47515257856,0.00278185358006426,-480.463272789104,160639.470642572,0.0486052547505105
235.225777586754,-69983.4344070321,0.054307946538434,-103.125082895634,32070.160074511,0.0345274919422917,-1091.83695849772,359975.168026157,0.0884947241441661
570.369301969531,-177921.890600885,0.0840081457733665,226.71251067181,-75647.1531732344,0.0482558439206206,-947.729703239045,307348.359582081,0.0248802609497806
-98.8347395952062,38433.1119140097,0.298652762446666,-55.2797860817279,15412.6823656243,0.129001179881772,-273.365237856242,100542.236445545,0.164852898324058
-740.37165713767,249261.859882912,0.286791524182015,-511.127439424546,163148.440748071,0.302889356838673,10540.039753937,-3399952.4656259,0.935610279726129
741.557451644973,-237732.168643855,0.518360943632334,-583.20333212334,189165.334895117,0.525375679190614,721.952464264337,-215440.19074096,0.136833969148833
1474.98959446805,-475409.813054685,0.605645149836265,129.649950852166,-46465.9653998359,0.0286094468391504,2131.09389251572,-685211.631425551,0.276565754771807
90.1121236862641,-23471.526402176,0.0714686198566751,-120.547162283828,39085.2905189586,0.167070531396981,1428.18949874536,-462348.690856399,0.827301524603886
-21.7403892784408,11817.9872278154,0.0614307166227451,-56.2645498362175,20766.6718531711,0.269356022377873,-253.185265001126,88573.8485613828,0.418263503350306
-490.713222993482,165998.369712961,0.272839849334278,-691.322659347998,225706.825892838,0.721305993858754,3521.26924311379,-1137661.69439932,0.813695704377406
-68.9873782445019,29275.5603941754,0.13095956920733,-37.4159059065425,10533.9334439689,0.0297494612912316,167.260852526246,-39635.1212007916,0.0475788870249513
-128.985686644278,48861.4801024436,0.0304568874893348,-18.268653457663,5046.02290605134,0.000692632568966461,167.472745522528,-41013.2218005446,0.00333326719973657
-64.5126786942381,28003.2307329763,0.0315363837349936,-19.6990446910371,4472.83804606357,0.00148638058819715,-399.577561846309,140456.286162797,0.127669766365383
-663.723249658142,225483.021917228,0.434795632422123,-292.546240092192,93133.4080937923,0.184033504936994,-343.834736357703,125284.603338107,0.0387619950220543
-220.003417823843,77581.9741937453,0.0628123243590452,19.9482035014695,-8400.58733536752,0.00227537837096096,-143.080669117099,58320.114875821,0.00857648921114633
-84.6387368836583,33319.2484956637,0.285223809841571,46.3063884057468,-18299.7330513426,0.17768328262654,346.696047239414,-105661.63079988,0.346219110019417
640.392543120945,-206374.668655542,0.764209148699693,150.819647696991,-49720.4210918737,0.129700781283477,-4979.48111019278,1639102.07298679,0.953690468762402
168.945049878245,-48718.8255880081,0.0704323946846991,276.030383950269,-89753.229612212,0.262162479306636,-4426.79435177077,1438726.60261964,0.686678459604063
-96.1857645072793,38563.6041180807,0.0326304274773302,116.821116104471,-39618.6727783654,0.0551017505020217,-2185.26684109771,707689.46668254,0.360034524332868
-144.796301238838,56575.3634560337,0.370756428133137,-135.530458764218,44735.9130220764,0.363706296358671,181.092192531635,-51743.2398199135,0.0290049225569027
-19.6601235092502,14466.2255708271,0.0279048080105461,17.1540571856955,-6434.72861162463,0.00900144214697981,371.505725840592,-111921.748651045,0.0875227106443417
13.0285903945496,1179.10492114872,6.49533137691075e-05,-21.3172297999009,5098.58628480255,0.00259894672727665,-1483.68809317554,487243.984213286,0.447114916364235
-72.2296450890898,30572.2691560055,0.133824909243598,-99.0309668240015,30043.0822711814,0.20050151224146,-124.044801924484,46895.9694252525,0.0294360653906362
293.386547034486,-87710.8337871327,0.0751476112521625,-243.855248854224,77277.1835329096,0.0916938020626234,-1359.56907814109,446668.903345136,0.148769004634537
-89.9618408959401,35765.6599639709,0.0255970535649261,-95.459528701748,28909.3235608152,0.0428971625925074,-439.011399875347,150764.714365255,0.0642101188356566
524.363813425901,-165528.292324799,0.253008090822022,298.789488721749,-99146.4899692933,0.26705144302492,1517.20509460269,-492470.149129709,0.246590697883121
-643.792399347749,212977.39424863,0.100500560380976,582.791404057689,-192170.83949172,0.176798950363268,-2297.20982656393,747716.605340989,0.105286053700198
-5.01859495390109,6304.73640858044,0.0135748180454929,-35.548409902479,8218.36107456941,0.0437714010641262,-399.673568827982,139194.859756651,0.384041591954423
-871.349525047706,290221.454797255,0.372278609985287,-674.853949114948,216342.797931968,0.472703695123093,13961.268136934,-4499207.77062296,0.965672762363155
960.693908354769,-310245.0745388,0.511279247392555,-450.302637420529,142509.76787172,0.215862781977054,3601.4770870148,-1147288.97948885,0.638789886859978
828.075232117472,-263317.096555631,0.366925527488537,-464.761680891102,146115.607043853,0.275962597534625,-177.091628600119,63498.1297209002,0.00384828044813481
-249.310283534987,85271.0652469499,0.399567602631005,-378.658504252288,122779.853387022,0.69851257538485,429.813669613725,-134211.687658777,0.0661418413446248
-61.0377147018402,25144.8745811962,0.107260119922833,-115.884705816177,39735.0227826587,0.38187028089062,-752.268660382618,262643.052547053,0.616523447201771
-41.6023261371377,19555.1533432467,0.0342060146258977,-94.3301030880865,26692.3773964166,0.0891912514302574,-333.597285403676,109866.228019899,0.0297025941772657
40.1925858050749,-7133.34759460306,0.00836651944410324,-106.839365147935,31883.6350957059,0.274163497569794,-402.979304875825,135323.041914938,0.125108603505937
-163.938117919522,56152.6989606242,0.0464713415293914,463.463292641469,-151634.69654546,0.497605874480813,47.4281571142897,-447.206323188947,8.14371867125256e-08
-181.615449778069,66083.7043650817,0.19450971609347,-62.7669917689905,18922.114410805,0.0326291570641483,86.4854566677919,-33340.1950153636,0.00295809578042685
40.9473052542408,-7900.48123078732,0.0038088557338891,39.1752133673986,-16165.3651757955,0.0220932414366382,-633.300861880207,204285.263868726,0.0750273925741007
305.395501612378,-92244.2232978992,0.0703408761719162,111.166236082392,-37497.788820955,0.0244735031680491,3572.89327555164,-1129261.12966298,0.318212611988672
-97.4426986488562,40156.2808077392,0.349691116153843,-145.487698632437,45445.8965856497,0.646090200173853,-590.763432555526,198394.182860367,0.336884034541175
-180.881378405747,63240.8706447408,0.104131140914874,-218.293180240278,69330.6352203021,0.218946869958921,-2532.64533030969,812746.220054839,0.28483563246139
-414.350065207299,140287.405820704,0.313624508258435,-382.889019673006,119841.325261405,0.341987837335226,5448.10639919701,-1732709.10779973,0.705064310771331
368.376492891473,-115185.330649158,0.18994644108248,-623.330355705972,197642.735905275,0.598793806056557,3214.34027934528,-1005845.12074491,0.499915593180452
-107.282349543663,37333.0263674479,0.111867769973874,-39.0755421221017,10221.5828824587,0.0177653668401597,1367.62563377683,-426568.098737981,0.502985604387867
14.4282889773197,-2468.84517274692,0.00210983211710704,113.54347981499,-38672.7040230885,0.494598387267243,-625.932745099559,211849.950560707,0.464050472987065
63.7985275120581,-12142.1006225247,0.00565226976012912,-108.842977948926,31310.0053365973,0.141980303940134,707.015448393352,-213968.460773431,0.163128556328766
-34.6331455221172,20110.873277489,0.0581576906267483,-118.299815914981,34343.8615249835,0.283804224742199,-1467.60059017857,479267.395584506,0.765458265671547
43.7801297108111,-7511.12884934012,0.00192641791769657,177.131774253801,-60235.2700702165,0.138525673890846,34.3857695339677,-6064.09790740941,0.000100162096437989
-122.19371959493,46467.4402311938,0.154692180279169,-94.0165354448259,29373.0427643123,0.0965851915866735,277.403290622374,-82899.8653862828,0.0769956898014841
-58.7828902131577,23566.9278127706,0.0549184987891941,49.2283296310039,-17641.6151924367,0.0476225029936291,5.05453295707207,5386.76995912759,0.000370662611712615
-4.93482542717413,7316.75477140043,0.00104456078058926,219.904578900344,-73248.6178204595,0.118006587100602,1550.17656415845,-495901.274985304,0.301946901800482
-269.123746514178,96506.9843372382,0.712329088798363,-11.7101567476014,667.253897963715,0.000406764060959485,480.116824834509,-158503.857449233,0.434721837894527
786.284549983139,-246153.452417828,0.783062700685347,262.568261936078,-84074.1578377098,0.296757897006445,-5900.11324570253,1924398.50645017,0.891550187661818
634.327039710777,-197573.689244872,0.577979286171241,320.746505126882,-105345.986113312,0.510972482813707,-3583.67368056896,1133748.72060662,0.752024537672495
83.2080352245298,-18586.9392974421,0.00791047745984685,137.218234676969,-50012.0377048876,0.151579558656942,-2179.40888813441,706007.009430963,0.507228714813106
8.20418040782283,5247.29021747548,0.00333065602398588,-34.0801079089885,6904.02425527759,0.0109774160735724,-449.616097793956,149392.246121333,0.146035651389084
-61.2898703801932,27798.0935260352,0.243647515615032,34.235296941595,-16050.8782683253,0.151544933699171,-381.032631582017,131808.618527594,0.223462622763597
-69.3545576691961,28510.2947753251,0.0481255457758829,-60.9566846133339,17409.0407421332,0.0474384252468238,-446.171489664075,145682.559380113,0.0753796308803119
-45.9988203457334,18975.1052277435,0.077954397426149,-94.7846827863478,29047.1609678158,0.183736563317476,489.762037663614,-156268.762222539,0.172638366535924
-76.1779239024043,30649.508839846,0.015533880293156,186.645086493326,-62323.1452068478,0.0868622699845804,-198.008750453737,65252.1563999021,0.00467905976311417
-14.386783336979,11097.2268879119,0.00799037590141291,-20.8528911552254,5087.82718437542,0.00336115178954843,-191.092600055799,66963.7970686574,0.0206081239524139
13.8229355454628,1647.32144551941,9.79743340859207e-05,-95.3237325184219,27941.8539930089,0.0628762613591734,650.435646611444,-207118.506040808,0.071486164506099
-186.442477420504,65609.2731594228,0.0225476327130401,205.678396889654,-68227.2669958148,0.0544058019188705,1756.48005652931,-554223.495610476,0.0803874211557346
-106.669091124074,40229.5801270513,0.332929613409376,-36.2568253542925,10387.9416405188,0.0534764106802488,490.637785384706,-156913.672447348,0.25717454236106
-302.014525426303,101851.976342763,0.0625052364387403,-53.9572836524395,14155.0737788724,0.00314639956340577,7756.13394380849,-2471816.62612067,0.879896575528738
-310.874442614547,104578.220572565,0.2423316880395,-582.041341194329,186165.155624088,0.620203793862581,3245.4951894729,-1019677.37243289,0.695673645367346
-97.9411591270541,35215.8936308053,0.025804555685018,-385.895639921152,123108.522472182,0.263152286933831,-32.9388094532787,25604.2498442685,0.000652558389315753
89.0171787735039,-25643.4762553448,0.0587161881122938,95.4698301548526,-32971.5143482121,0.213440362891365,730.078515823955,-232035.597515132,0.373269473023431
77.1126069120653,-22376.2130497792,0.146674083781295,59.8510659791194,-20426.3894854841,0.0988166120117628,-948.804397784204,309855.044882267,0.69233096706309
484.51931682851,-150830.380997371,0.375577320317755,50.7901757073843,-21145.4496623339,0.0272915076613166,2646.14844009534,-844153.608058067,0.673308212473063
-91.2992651431916,38467.5457623471,0.131242495444948,-123.511959520783,35999.4687114544,0.226465322686341,-147.118317987109,54755.6558658708,0.0391587498203047
-315.085597676886,107089.885892166,0.171816167495634,4.5099729452379,-3361.28794552331,0.000304231199413014,-670.480640430419,217377.482668853,0.0593396864307747
80.5504945342283,-21411.9704479901,0.0306982862139329,47.5206897863956,-18637.2837107703,0.0337196792873789,-4.6030871106179,7116.34327528907,0.000422586380592709
95.6405581785212,-23988.753469656,0.027931943486733,-130.565039976758,39546.0418410171,0.145090880336922,-320.877688272573,109158.770494737,0.0636771681905777
-203.987760413424,71163.8253152523,0.0332743314312144,-153.018816238345,46786.7183674699,0.0232873099218257,-362.382920723162,122631.17296272,0.0123926754310983
-160.364084052826,57660.1967724209,0.416892561736749,-9.81119015157695,282.641819109423,3.19151527097046e-05,355.56918355387,-110978.491130445,0.241494184790754
1397.73841813508,-440456.449839864,0.772814029011147,272.305094510504,-86078.9074766127,0.10224875222635,-10829.1537565182,3482292.93555991,0.936172740720744
423.945689565678,-127532.448345457,0.371144263603415,139.699738616955,-46812.729699976,0.0725172053064854,-2754.78139586563,875347.257047488,0.778828135509362
690.915595822606,-214162.363777508,0.413644718770495,0.376849387303851,-3621.73227142225,0.000417314278348354,-1500.4507591704,480264.165153862,0.186763484052788
-85.2912347311409,34731.1198438221,0.118680568898663,-53.7509249606672,13791.0919758119,0.0657852394977516,-592.01888394686,192515.745170704,0.291166209472009
35.1671312042077,-3773.90066056017,0.00586659415593049,-32.7779131628484,8081.71972067273,0.0438564150606094,442.924759681091,-138156.163040202,0.262812829502912
235.878335462952,-70752.3411934817,0.0686338692682153,178.148602500911,-57454.962556799,0.0788476348411514,-1373.7529650103,452234.97784671,0.130830580675088
99.5827409739412,-25436.4181827567,0.0461214168916626,-157.183423183978,50365.597786695,0.274401200147946,-847.384456853371,282023.418887735,0.29374138748935
305.132580955139,-90159.4636535503,0.0466879978547515,-261.35194466905,80535.8324482451,0.0493126902950811,2198.13338745415,-699699.505035232,0.114782685999832
94.6904613804341,-25469.5981133393,0.0396912127475372,-18.2075404982379,2827.74416297037,0.00138339285167897,-983.015923110697,327571.885911721,0.412185676657489
657.02228518086,-204401.905729565,0.291942517010556,19.6904347574869,-6884.48912713393,0.000765639463302017,-1298.39943472679,414833.781669841,0.112253305095805
-1659.60071603038,536478.933551687,0.25771827557252,-134.394120629732,39934.6373341165,0.00336939955403134,-8734.31757676353,2784458.00333007,0.545671794988068
45.9117805072124,-10628.3490426797,0.0181805385515068,-96.3518230376155,30515.0914866593,0.164593067715072,-424.57903580555,142102.687393516,0.171973455563577
22.7296023640837,-4077.37103387171,2.41524242655795e-05,1335.63509747318,-428775.355731642,0.330217539765075,2628.74042892592,-817623.20855192,0.15499152708441
-323.24270383824,110544.647795368,0.408504339459029,3.46249196996564,-1486.34777156419,0.000216948050047809,878.8155826292,-277405.143134466,0.260924478001089
43.6727278497955,-8287.14640164705,0.000482560673287382,-1125.9914765426,358760.127687164,0.495101970909271,6383.28144945357,-2032417.51755741,0.748812485067905
341.133057608839,-109156.902565763,0.508533879760138,-314.600977109276,99906.858652905,0.666720645751258,854.957218026943,-262765.247100228,0.5675394454713
-141.427724772056,49763.1453786896,0.447696158126446,36.1853527746117,-12865.8370315024,0.0932984668034406,344.702236109375,-111521.453746536,0.418377510532509
-731.692834720045,238095.899490493,0.150864365350874,-703.607370354866,219903.626001095,0.312290094636637,-10424.6833737367,3323603.22786273,0.879698605857415
550.316170271626,-172369.855744924,0.711042609874151,46.54540934827,-14819.7797488645,0.0112530717369106,3455.76297123601,-1087332.17093563,0.926527346555793
-414.122030547947,137164.205078639,0.132539271862824,-308.613937039379,98469.1814903589,0.128619757466032,2564.87149027696,-803738.743735374,0.492115743559981
-104.881496071894,40531.6075185648,0.193332366662402,-207.695418095206,67904.815538042,0.481922692023446,-61.212524770282,23984.9124532803,0.0151859088993387
951.792464879719,-299165.658945442,0.610514749486263,-232.77639273052,73949.3967420487,0.0933638228895806,-2662.70297768849,852296.118961669,0.582931630901448
142.555481776864,-41114.8661013351,0.00960842897645468,-734.321532281973,230107.975455656,0.213077123953952,1963.90704133848,-621499.248074536,0.139651618581406
63.3557865601191,-16279.8188021504,0.0175330047243362,65.2899868549856,-24916.6450806727,0.115312432059142,-142.444298030395,52662.5963679946,0.0389457831506821
1055.12269587047,-329712.092025579,0.680345953748587,-50.6240843594926,15137.9058752178,0.00416973666131619,-4151.97317353704,1313204.45755183,0.764306417051054
-121.765065481664,46685.2333685363,0.0394936624357236,-73.1446769885269,20535.9188156637,0.0227336828025619,-756.06575243013,235531.000688396,0.119828759859444
318.763990691156,-94823.0822513925,0.0898002260110795,242.991885546926,-79246.8058509561,0.128507799974707,-231.473029495187,71030.0610671949,0.00494570202928603
-61.0506765249142,28242.9423567865,0.0456507453862701,-82.2362116016387,24316.3038309375,0.0892186824525388,-597.075806598289,199107.563992831,0.122659652585939
54.1591755790577,-12757.4434556632,0.0145946633951985,-30.8679067718158,6354.22225747309,0.00979394016169128,-272.492144935974,91977.9880269768,0.0506747364868606
118.393385817678,-33895.5586413948,0.0158666258464071,28.4368220131784,-11791.1560307628,0.00429803377827554,744.649787166004,-241687.5492944,0.0482152419127051
7.20441794174685,1910.05283890775,0.000332743776463883,-48.682047340176,13225.6175366021,0.0297422294006028,-170.740213734252,50143.9779765736,0.0101342182519374
265.767603730042,-78259.5680864549,0.0371874624722571,598.816254620238,-193531.848977733,0.387745087634341,-969.193741599554,311453.406861221,0.0414417160507824
-48.8644554059931,23068.8905441688,0.016143949609111,43.9914988225372,-16208.5402835832,0.0220521252047224,796.612128706083,-237837.202630714,0.0827947528652112
-131.21101987324,48690.4341669587,0.037710196823491,224.331739089815,-74412.6957444824,0.193234562768592,2847.98677984556,-911648.430875928,0.472939432114373
-871.962971726208,286549.987644812,0.228243396976029,1005.97481187145,-323588.703088946,0.33850937448467,16586.64946042,-5312273.47777012,0.789466685743773
-175.843082971908,65242.6459994724,0.280235966485457,21.9568959827415,-12889.1881002652,0.046267299068047,-780.152095925962,261489.41739212,0.451967432047355
-135.987125913681,50018.2674345709,0.0203720329896237,561.742364783579,-184959.97750016,0.39029335430822,-3358.16306996988,1066161.02160634,0.276859964728949
326.002389423658,-100932.249198263,0.20317451960224,-462.789912195911,147014.611263615,0.402333002369385,1346.34258426025,-422936.462525157,0.352433820343595
-1617.51545389219,526173.080377277,0.605786618109382,-751.689764442766,237500.984066836,0.257603371007564,6345.69051370968,-2021291.33505324,0.785262590955989
543.637601217631,-173917.436168433,0.618328834403406,-17.403778680552,587.040358372531,2.77376567741396e-05,730.664712429355,-225696.567769218,0.36336682306241
46.9778847567658,-12288.016441601,0.0270950735656304,-14.2107532910292,1901.7549725812,0.000932539446398874,-528.689333140991,173387.815600637,0.418890559446265
-369.00712870527,123957.100699528,0.0912907379930794,-1303.30890008507,415727.326709631,0.779782514315794,1458.05012809825,-455827.940683822,0.332669955275702
-133.615239736212,49214.1267608235,0.237371716774404,-147.107431666386,45867.3329761289,0.321937422966202,-29.7679915843712,13539.1722919989,0.00283012743644029
-224.51608235256,78313.7226757344,0.0432956450333363,70.6080771383127,-23758.9819709482,0.0172627594419472,128.34577282827,-28812.9814011804,0.00132321621360573
-179.060631987199,62963.8316295346,0.204203996354781,27.5536449483972,-11990.1864264821,0.0286606538092919,29.4560052119996,-4732.74199267025,0.000219901388100421
155.673655372784,-45847.5672563302,0.0663589273179341,-201.543210866675,65607.4096177481,0.149706837064942,548.363570969598,-168453.526540163,0.0816372712657914
453.268453458255,-135921.169685554,0.0936052588871137,-737.232211690955,235716.62453395,0.324991107841211,-478.782376789802,155250.014593218,0.0104743802412145
11.8247152301548,821.439776096121,7.33966529837255e-05,-50.4277482633738,13085.1531805509,0.0610435949220195,-334.569953382953,112583.750122321,0.236175403809004
1566.98816501035,-494605.356471189,0.829876096524236,55.0193472234658,-16334.5053482519,0.00556090640474867,-13552.9047848528,4330413.63911317,0.965022609629347
-276.664902073051,96719.6141051929,0.0863480276294006,-6.76119497161687,-22.525349877333,1.39690976059826e-08,-1747.05965755656,551302.592775272,0.225213257154181
471.278644752518,-142422.896550759,0.173614867309151,-18.9491292532051,5911.77416933532,0.000614258670698687,-935.734728746274,301193.131156631,0.0736910908341935
-348.206626067185,119917.97362347,0.223381821344931,18.26632820656,-8875.00123482601,0.00354320894360936,-341.503211788003,118416.78840635,0.0160264560750564
41.6265428714585,-6453.39466879923,0.00801495716425565,77.8801416693374,-26648.822099625,0.138556615261841,355.954127324989,-116730.357875444,0.0989120050523983
347.536047378915,-104627.454938355,0.11407145538057,-867.880446006647,277068.585721863,0.674978698696639,-1452.81173958635,485973.861194389,0.211029713595008
-77.5799799679388,30712.6614728842,0.0596944893363601,-122.323462957343,35945.4895210247,0.171696174132327,-303.665985888847,108744.178526448,0.0612330797303732
-437.226728816772,145647.328272078,0.0775199099004657,952.80890640845,-307063.183005621,0.46053582509371,3035.60161979277,-951404.724055587,0.15136720931944
-29.9717303949193,17500.4412563633,0.00797051285384328,-297.538204672544,95419.0472310079,0.292757116660666,-5.57538867716626,4381.34393338343,2.67627355838362e-05
514.491484276285,-160114.555339059,0.230083988759339,601.924274877654,-196162.533012738,0.444267709882354,1028.48206895043,-323557.725395249,0.0763195621611038
1540.39847881061,-486543.506895838,0.267150505854834,104.17571059878,-37492.0841510775,0.00273526197979168,-1732.968713566,554744.473375309,0.0338398946902604
-203.490622640783,72701.7267732662,0.29878190327468,-151.153874006888,46241.1111063177,0.274493176176751,-187.547411691467,71375.4204082966,0.0227413326124245
-3622.25982105846,1164392.66899842,0.774186097217766,-343.229492833525,108238.537749492,0.0334278703143269,-6249.45973836959,2003370.92823223,0.506123111118142
-246.502764685914,81788.3057724053,0.142375961613367,-75.4096050459755,22857.1934650951,0.0188423655250802,3690.65636676182,-1171633.20543713,0.682075380980969
2136.01759029762,-680928.171444517,0.35610939841385,12.4374996204001,-6644.97908018253,0.000273716659042039,5231.92744827494,-1645694.34263504,0.61647888997091
-503.888567743073,165531.467141346,0.364559043922266,-245.280315838748,74259.3293519474,0.338819631290302,4.57616592112498,13549.3213447671,0.00155494687037198
113.109246423724,-34452.4202306978,0.215044898881787,-123.012927013495,39624.4793431713,0.511706932546947,328.977823642383,-90062.9081596558,0.268331257763885
229.553954977318,-68572.6192324431,0.110091468883593,114.062647868987,-37492.477832148,0.0513712176795449,51.33557276756,-17308.3021619375,0.00020376016745784
59.669875681516,-13940.3461554809,0.0261055598477818,-128.696874318452,40024.0865493612,0.259062738308437,-182.249377104096,61848.6280628107,0.0470692805157716
188.939543721352,-55081.3629698534,0.0194052869107453,393.44717581252,-127658.289519287,0.118307064483554,-636.565394767082,210713.920023041,0.0160028004738379
37.9243134056098,-6393.27400691524,0.00291293440255063,-141.800762321105,44865.8706509131,0.207982222362552,109.825269688357,-31372.4103672625,0.00931315339762506
211.949934268804,-62195.2662813767,0.0406673966337015,82.9361914858989,-28589.5271705305,0.0100291912325206,-1635.90855668517,527961.125878569,0.167242155154698
87.1978201845013,-22082.6325188312,0.000738120684674483,-1039.22013545055,329940.697199505,0.225227309918219,-816.563206135611,268269.283445867,0.00412820721573188
63.4423727454397,-13142.9081557844,0.0291314293573961,-42.190362988436,11040.6883236149,0.0396949738480765,27.9272827133307,-3794.96186713158,9.64879557077009e-05
160.958023925184,-44371.528345794,0.0118348512041683,-141.866158963714,43992.0979818395,0.0286550994686857,522.434966360046,-158682.768910425,0.00802082611302246
-301.660822354346,101687.076823917,0.122699021679161,26.2679549576484,-12883.9246843372,0.00768464134079823,5166.46270026586,-1652283.18371723,0.804527920575377
-53.3868770798183,23355.4617749439,0.0018909530341334,-1032.34223073089,327090.274918767,0.381546450320022,-7651.6605010853,2454720.61441295,0.709623623005449
-272.48588450576,92989.6563746583,0.265275442329112,-161.18490650223,50354.1858777002,0.169774227269745,-1460.46890399056,461956.051580263,0.670836025691578
246.838359917469,-78888.4350114644,0.598419000819378,105.04413620305,-38554.3303731962,0.299392284595395,-354.827514480765,124067.046322131,0.320095598647433
-722.561324227035,236250.416552399,0.316590922128552,321.304977326548,-105013.137087573,0.149166617217904,-1403.16502680921,452122.155601307,0.252954472252609
76.1100172055506,-21236.3334446449,0.0225690421569993,-208.815272056666,67647.3911756695,0.214726419027413,-3.61177543303611,6887.89676292892,0.000649635621532897
702.792489091343,-217159.812003166,0.296012075885103,52.2617670728083,-18893.5790928604,0.00362209309036294,2697.93920385071,-840269.212219577,0.567359080391764
-186.895640105358,67568.4960297178,0.452569789776527,1.74059543329239,-3276.22548504162,0.00473298174158431,335.057006323717,-95127.8716889569,0.269066170605437
336.579307576437,-100014.891828173,0.0859030502153999,108.908149775283,-35808.2208388037,0.0167229440119176,-2447.12090997189,785408.540652016,0.525116816671814
959.964205865032,-296979.533969414,0.173651611683584,30.0278893630122,-12190.431987022,0.00079508302251704,-1800.61085976106,578864.146833514,0.154482916863447
-80.8786500005557,32816.4389441879,0.175180391346722,-262.376152055556,85631.5285213995,0.715431258775658,263.225437101133,-79696.4018882943,0.23000730951439
-259.952411206516,86822.4574029809,0.0662280129852295,255.617958634777,-82517.0504729611,0.0929743296993819,2687.20885343238,-850220.193471288,0.369325296471086
710.819539552799,-224711.495399935,0.764091586759873,441.10388186686,-137946.40468818,0.575633672325931,-2886.16879587214,943551.208074576,0.601211696971138
-779.223300724487,255053.425148165,0.262639514520333,-81.2349742399791,24106.9727100366,0.00809627908392799,-6207.10447173679,1976260.17263784,0.61147627949591
-196.717610896086,72964.6492942797,0.313576611053341,-205.055949346464,65712.2966972049,0.414698673153601,-390.955774355429,121370.326077299,0.102748946255872
-11.3905221898232,8228.34408993887,0.0171178604133004,38.4714007674783,-16192.1368294739,0.097177092534587,-363.518413729289,118471.345140906,0.190371448407132
2207.87222721709,-698733.470195148,0.693300343389747,-797.930604956606,253730.660180786,0.465003008925207,634.237563822195,-200691.695865681,0.0404164679535501
-123.997584130823,42147.119975258,0.0828071570717141,-128.190194048777,39930.3532166845,0.168944225376231,-265.716422319143,91142.9114705111,0.0747025899712696
-225.924584389013,76923.2842979133,0.0199613751640876,-89.3461275698836,27415.9200577552,0.00545830804701575,-1160.74175046824,376827.392215866,0.0773110102829729
-47.6163049630546,22447.5990433383,0.0547050100938709,-12.6060389772853,1576.0767633605,0.000695173229180542,99.5230511104872,-28484.6495323159,0.011773804138161
-119.447710141736,43142.1729097832,0.00628951151287009,-215.371610820649,66740.0953631102,0.0326355190563755,-1606.52263052277,516687.311862783,0.083569044895344
312.871873553384,-95704.4345035755,0.00791641955951662,55.5393436608819,-20015.0862301071,0.00126100933884643,-4975.19941011558,1588650.66335161,0.186928188218143
193.557107377562,-56577.8667359714,0.24242677773409,-92.2378207743811,28524.5839645231,0.15818322812081,-536.353122917943,181486.248251986,0.270809689193677
-671.992142292709,219246.421376224,0.105267630226091,355.90081257611,-114359.939121115,0.0697169206951351,-3433.81892289623,1099630.12641695,0.254934167066404
-635.107564590231,212930.671105149,0.601003226123095,-409.448281826429,129095.39388439,0.440594042898124,651.216377546492,-189067.509269931,0.119286031739959
-103.459090210887,38393.0231872983,0.0025946353401264,290.149286699124,-96731.1298265138,0.0326590240692884,-6023.18723683441,1910761.64912903,0.629760219782019
-173.434915253953,59998.2272102996,0.160067080436793,-384.290567678936,124626.129571422,0.687293332880368,247.492457119599,-78350.5529656686,0.0803846547188373
50.9421167671325,-16158.6127675427,0.0284625009058329,-233.370469669039,74384.7449256832,0.71739839885779,713.869996039304,-223349.650523588,0.674182802224414
-558.487323543769,181637.674875105,0.170970821709896,-1578.68420972961,500909.186936298,0.731230909365199,138.751048280716,-33835.4229928979,0.000610044160492053
35.8664544475734,-6557.3803475647,0.00243829948533927,188.852533062993,-64281.8079535374,0.359207897333807,1576.83036762059,-503225.507305023,0.682231973995049
53.6186473645874,-10479.3756132895,0.000612699000870123,-308.876188312169,96487.4092242747,0.0927387976981577,5711.9734530608,-1792981.68371905,0.776171823592025
-93.9800947239851,36721.0891893512,0.363690682461438,-64.485265850511,21306.994445251,0.246810739480096,405.121447503424,-118562.591216324,0.4283100404591
-47.0758796967637,23081.0520343217,0.00265106404433373,-1285.7395148966,408555.684578855,0.615476770571213,505.172385674435,-147793.905930723,0.0272473055228558
1832.85002351948,-579774.881540728,0.409026570949326,-1268.43417125575,402298.035619708,0.452891407509371,-147.710100497677,54627.0415996401,0.00150940359024991
-96.3715255002129,34287.2589683284,0.107732358892117,-40.3480980533616,10025.9617012694,0.0352000286669404,0.65728002440236,6118.92129138167,0.00119202881921592
810.826021718841,-252670.819415265,0.173314691178651,566.275580972831,-182757.762800581,0.243541615865382,546.932651681523,-170614.731603998,0.0317693184023986
503.584928903486,-159499.709115926,0.484269882157733,276.553459056725,-88476.9655521934,0.361905781687827,-2358.84268513535,769244.503919926,0.836117792041428
-241.525835832262,85019.8253558328,0.0511953880174528,1443.70492354444,-461776.538822376,0.621958266664036,-8394.61665758401,2669153.73453502,0.745915822717876
18.3886222697194,599.193911274038,3.86350023886733e-05,163.969217034247,-56524.0923131129,0.416264834548764,-793.613936334206,257220.720222121,0.473021771319086
-51.6050588805895,24903.8656574698,0.140634652002768,-37.1193730187587,9828.78241622972,0.0475210026868036,-97.2098302775853,31136.8060079558,0.0180755794471478
633.134319816284,-192886.339308713,0.286114613056581,-230.163240497999,71554.8907709236,0.0842706579729723,743.673472480782,-224166.227551061,0.0463086065163663
-416.052379098036,138255.913250581,0.254243333224321,-194.558683418972,59500.5572822773,0.15007059563515,-29.4859843431932,16149.1668639267,0.00091729055672968
484.306478380852,-146462.606091298,0.0505432951572764,-296.21772333921,91746.9059152317,0.0498879901602271,-1364.09687668117,440505.50441414,0.0573559743701308
326.329046184273,-100735.778556404,0.157929665131957,40.429360110839,-15351.3362794332,0.0194409305525327,28.4772495551453,-3073.37656697505,2.95383361213603e-05
2071.34816091958,-652147.126214401,0.50177901001739,154.955384619828,-52015.4428942171,0.013301661154597,-5019.41200555075,1592865.12222789,0.375541399581663
-2548.25852965133,812845.96608545,0.409060936253206,840.037272389429,-267606.192138188,0.118565079585523,574.334779253969,-170494.317427584,0.00296863409012653
49.3604015276486,-10289.0880494534,0.00553788442352171,-74.4097422597163,22390.854613944,0.0886727386434204,-213.363068811734,74083.3273659142,0.0286790502704183
583.468065750134,-178622.459659571,0.0827738362220229,-1084.34506146072,342417.924566589,0.375580600025416,143.453652124134,-40708.3457542155,0.000391498490011488
-516.24349382483,169588.344722584,0.293740457156076,-206.588340379947,63019.5196999012,0.0909477268079559,2349.10547154237,-726426.044890312,0.503035051781428
2009.8908414,-634719.535300086,0.442220590337151,430.101813400337,-136784.93408664,0.039512875550757,-8704.43948066636,2770184.88650177,0.756096035961244
260.277381617624,-76987.7874199366,0.20792681413721,179.04610390635,-60562.9148215788,0.258208458799307,-591.007002052699,194831.332232638,0.222924640850983
120.365125677261,-34720.0589333348,0.109211811871868,37.7843607722524,-14982.3653707371,0.0310165365107778,886.521534379387,-277283.415118116,0.701930773870356
32.87618159311,-961.631874059071,2.07131678550284e-06,50.3244465198168,-18175.5241950636,0.00350892553049814,1691.92869946674,-529333.465047334,0.283338062111736
-268.982175665815,91364.4055974501,0.230679995332733,267.778781971041,-86964.0584882568,0.38826100325186,-501.688527967529,163191.993252627,0.200008890874114
217.096134100938,-62518.6328576596,0.0121892901566719,66.308566246259,-22949.1508445174,0.00688194722732218,1069.42063504372,-333608.046763605,0.138726542719964
-640.693286261066,216058.387112428,0.532259042184499,192.764953037414,-65409.5447282611,0.139255027741909,-640.423485329855,214732.338842597,0.265240724900558
-248.121161070864,89445.6187695867,0.0324084714818094,436.474487064793,-139570.538405334,0.050682912509533,5193.60901977349,-1627789.03014198,0.648692441401443
1746.80192170735,-546710.247676234,0.412286493476501,134.767873024106,-44944.248190807,0.00660832094947361,577.590285772528,-179128.397531713,0.0154206024782921
-204.93134294475,72818.2034640756,0.169999237352032,54.1538898810576,-20580.6344802485,0.0564307713377694,-155.422237834745,57359.2219492031,0.0615190986492495
12.6970699926051,3605.61587775412,6.01751487480525e-05,192.142089560158,-61485.0770694885,0.0263849260636205,398.035633211159,-122962.587281873,0.0327613772419761
1053.7392494024,-329306.627920482,0.764190084760793,152.77130201142,-45789.9786617246,0.0913460330045323,434.772090663646,-130789.554379168,0.0720473060590391
-305.169895890612,106049.070578437,0.0543155778388362,295.840795906957,-95056.7695236657,0.0748846956733103,-2292.30997869316,738770.771813698,0.258580320456911
-352.805286132991,124019.845398924,0.220689057777677,-136.944597262146,40926.8768955489,0.106456322121754,-1318.52638758888,426771.02113743,0.260200369410164
-33.429653959325,17322.2264954849,0.0270227014679397,141.949615529892,-46377.7193938772,0.213015176693946,-1686.10710483362,546104.489850777,0.595701437406178
313.910414555719,-94962.9622705677,0.0665645807773026,-318.159756215464,101171.271274707,0.135792294366701,-1634.6278796481,518484.347723885,0.119321284360527
23.1154979993508,-3107.40932329709,0.000645770282281048,9.95911206062214,-3963.36099585796,0.00206072117837309,-720.348688697545,233630.8099453,0.250068589517002
231.483046967799,-68495.1693347625,0.0126391089937008,134.735232421005,-43997.1851595341,0.00985321184675103,-2820.12066796931,906072.000841922,0.122193621363844
34.691162822151,-4601.06798346837,0.00170626659102812,26.1360927995685,-10401.2435361884,0.0108506207710489,-595.894771185946,204724.252428498,0.244605964335871
550.11803347239,-166749.049903594,0.0796769672563835,374.149568144769,-122923.450913419,0.0526814860625812,-5413.17127038645,1728392.86293501,0.52405435225994
-1042.01819560484,339162.333362545,0.0753764365082127,-831.02872661114,260878.029964797,0.0896450495109333,-3093.64077964356,987314.111266922,0.0688373775946438
-228.039854534963,78422.1238732293,0.228755628947109,-185.10472558018,54837.4628155379,0.249539153718706,-1025.09577911189,342026.4261687,0.383548014555103
-109.777578643261,39970.258174504,0.00372702395150991,-118.47167678049,34102.0982897666,0.0084739752801419,-5188.25745060315,1662176.95327885,0.507520637179817
104.96221500241,-29956.7238616489,0.0114602149984451,-466.693384183368,145667.277886947,0.320580586825518,3876.46038488595,-1225366.82376827,0.738477388048241
144.388290454441,-40759.4134782056,0.0071727836501141,-988.179021992372,311213.000901513,0.460197985516874,-6429.67491192946,2062782.91746552,0.668749307686709
200.319695907042,-59267.2368031588,0.0759333403187935,-283.990026968433,88585.9945982584,0.275496346165766,-1632.65106348457,530456.163652835,0.62302839743126
-282.14046836356,94977.0796029081,0.426257216723603,-29.0867721261486,8091.88742586602,0.00584160554307532,673.939144786225,-208444.831656062,0.531136211586618
295.476341731102,-88946.0071982319,0.0769689906776676,-751.344620826377,240729.66606549,0.448387755949925,1651.37648659071,-513832.815192987,0.330992295748734
172.313046358845,-52938.0141104478,0.100056570516863,-372.372134256942,116096.709363003,0.491389985878592,-914.096579820715,293956.169788331,0.53619895258323
-120.45031462602,41368.5532437585,0.00653695988563459,-1261.75814633054,399106.020514252,0.577514033432203,-184.291545794862,65635.7971937556,0.00543035356933242
-325.308162432286,112165.195463435,0.512948570619312,262.981387159591,-89116.8694714883,0.555771378106321,-141.223954916827,55672.6256247679,0.0609645904833429
-359.120088466058,120523.346587881,0.0625180904513838,-137.196878664687,42572.3422746508,0.00689903406749931,6736.88316110332,-2126252.35328252,0.757181177268543
1140.92300195698,-357686.26518429,0.19583413566817,-363.730023383632,115179.546807518,0.0399074858080746,1581.00439487889,-493308.927046457,0.0811525773584437
-37.2496051547241,17363.5294426633,0.010506692045357,-190.801157087649,57947.3477260513,0.339348340073201,89.8984627361751,-18134.7349633863,0.00655961813812755
-1082.69819058567,349553.422275016,0.393441660297697,970.585315837613,-312602.874224878,0.414913608865608,1278.90742981344,-399736.546676578,0.149412307235554
660.030111280767,-209937.197895096,0.818958331189294,209.551213972717,-65259.060936082,0.16453110452853,2123.09584920615,-671567.729143956,0.819543901473216
654.161791294251,-203973.809647325,0.186957771597108,362.559663017839,-119146.380339242,0.132014873511556,125.515199488934,-16757.3713194744,0.000222424074301086
155.852099927841,-44911.7509266902,0.144716228197485,-85.7715144522486,26267.3104247073,0.101167572959896,465.797118612054,-149733.860028973,0.140989157269206
128.031474339972,-35392.3889620301,0.141694008942703,-74.0693547229465,20120.5240068206,0.0692931529554819,-368.20311597955,122545.023677035,0.206130974717138
